Flight_ID,Flight_Price
F45001,626.19
F45002,942.17
F45003,578.02
F45004,553.37
F45005,662.8
F45006,545.55
F45007,463.17
F45008,856.9
F45009,624.38
F45010,319.66
F45011,657.92
F45012,636.26
F45013,773.76
F45014,663.53
F45015,491.63
F45016,719.67
F45017,467.88
F45018,452.46
F45019,465.18
F45020,789.84
F45021,326.81
F45022,899.74
F45023,902.34
F45024,847.87
F45025,627.46
F45026,321.71
F45027,587.09
F45028,579.4
F45029,558.41
F45030,566.76
F45031,578.34
F45032,382.82
F45033,444.66
F45034,739.73
F45035,900.63
F45036,665.0
F45037,988.04
F45038,385.78
F45039,423.78
F45040,873.32
F45041,484.71
F45042,396.48
F45043,593.06
F45044,593.94
F45045,557.92
F45046,641.0
F45047,499.72
F45048,585.92
F45049,542.78
F45050,639.81
F45051,760.48
F45052,418.7
F45053,867.65
F45054,682.03
F45055,726.1
F45056,306.47
F45057,456.16
F45058,623.16
F45059,649.85
F45060,305.28
F45061,502.3
F45062,601.88
F45063,705.73
F45064,754.47
F45065,584.05
F45066,610.84
F45067,670.64
F45068,389.09
F45069,297.44
F45070,937.44
F45071,472.1
F45072,804.16
F45073,622.75
F45074,983.64
F45075,535.3
F45076,827.79
F45077,703.17
F45078,613.12
F45079,396.74
F45080,620.32
F45081,762.86
F45082,513.99
F45083,582.83
F45084,698.34
F45085,481.15
F45086,403.79
F45087,401.17
F45088,658.65
F45089,572.47
F45090,582.29
F45091,420.47
F45092,696.09
F45093,777.6
F45094,548.44
F45095,619.49
F45096,626.19
F45097,785.93
F45098,682.19
F45099,590.89
F45100,448.23
F45101,740.61
F45102,754.63
F45103,1005.88
F45104,766.63
F45105,507.53
F45106,710.39
F45107,639.37
F45108,729.82
F45109,410.29
F45110,882.76
F45111,539.27
F45112,614.28
F45113,630.76
F45114,749.17
F45115,662.62
F45116,602.84
F45117,458.06
F45118,424.83
F45119,349.03
F45120,414.01
F45121,484.61
F45122,906.03
F45123,1060.36
F45124,650.78
F45125,567.08
F45126,678.44
F45127,319.53
F45128,402.46
F45129,687.93
F45130,739.79
F45131,299.4
F45132,652.67
F45133,737.38
F45134,430.58
F45135,491.16
F45136,653.62
F45137,726.34
F45138,379.15
F45139,717.41
F45140,536.38
F45141,218.24
F45142,576.46
F45143,313.55
F45144,728.05
F45145,490.29
F45146,636.63
F45147,747.82
F45148,720.46
F45149,712.58
F45150,468.54
F45151,366.21
F45152,702.9
F45153,707.89
F45154,274.32
F45155,493.04
F45156,469.72
F45157,508.57
F45158,624.51
F45159,369.55
F45160,640.73
F45161,450.22
F45162,601.35
F45163,717.51
F45164,386.86
F45165,707.7
F45166,446.16
F45167,257.46
F45168,595.51
F45169,613.74
F45170,435.15
F45171,451.69
F45172,551.94
F45173,458.76
F45174,356.14
F45175,667.87
F45176,456.0
F45177,605.99
F45178,460.43
F45179,517.65
F45180,672.26
F45181,806.8
F45182,914.23
F45183,769.13
F45184,715.5
F45185,416.22
F45186,608.83
F45187,493.38
F45188,466.28
F45189,729.95
F45190,619.69
F45191,403.67
F45192,708.26
F45193,466.17
F45194,369.21
F45195,806.61
F45196,320.4
F45197,477.3
F45198,608.5
F45199,312.56
F45200,733.72
F45201,711.38
F45202,866.34
F45203,470.51
F45204,297.25
F45205,403.31
F45206,626.9
F45207,633.35
F45208,653.03
F45209,786.67
F45210,551.04
F45211,655.16
F45212,413.59
F45213,376.56
F45214,427.07
F45215,546.38
F45216,521.08
F45217,630.32
F45218,481.66
F45219,393.3
F45220,702.24
F45221,571.28
F45222,379.5
F45223,520.86
F45224,737.91
F45225,633.09
F45226,268.85
F45227,416.82
F45228,626.29
F45229,593.3
F45230,694.94
F45231,339.93
F45232,673.75
F45233,624.17
F45234,418.25
F45235,290.61
F45236,608.23
F45237,638.65
F45238,477.58
F45239,456.31
F45240,416.69
F45241,508.39
F45242,436.95
F45243,802.1
F45244,371.94
F45245,797.14
F45246,349.82
F45247,627.1
F45248,603.26
F45249,666.27
F45250,763.29
F45251,562.84
F45252,670.99
F45253,375.84
F45254,542.28
F45255,392.29
F45256,656.1
F45257,810.45
F45258,939.31
F45259,439.44
F45260,656.82
F45261,561.43
F45262,626.21
F45263,699.7
F45264,638.92
F45265,516.6
F45266,497.08
F45267,257.07
F45268,409.16
F45269,412.86
F45270,449.73
F45271,556.27
F45272,393.4
F45273,502.22
F45274,626.83
F45275,617.36
F45276,366.43
F45277,915.04
F45278,529.31
F45279,678.22
F45280,623.34
F45281,384.36
F45282,681.88
F45283,543.49
F45284,570.21
F45285,684.16
F45286,387.25
F45287,729.23
F45288,706.03
F45289,605.71
F45290,495.9
F45291,570.23
F45292,641.46
F45293,437.93
F45294,695.66
F45295,675.64
F45296,365.13
F45297,594.22
F45298,1014.14
F45299,430.11
F45300,366.74
F45301,433.97
F45302,738.4
F45303,466.27
F45304,389.73
F45305,671.25
F45306,470.3
F45307,843.54
F45308,506.52
F45309,489.66
F45310,533.56
F45311,1096.32
F45312,286.42
F45313,775.57
F45314,667.89
F45315,562.23
F45316,335.42
F45317,782.34
F45318,734.84
F45319,867.96
F45320,640.59
F45321,488.82
F45322,508.64
F45323,620.2
F45324,344.67
F45325,502.95
F45326,757.06
F45327,609.04
F45328,597.48
F45329,598.71
F45330,376.42
F45331,580.44
F45332,696.25
F45333,655.19
F45334,443.24
F45335,866.59
F45336,557.15
F45337,532.99
F45338,475.94
F45339,660.25
F45340,394.23
F45341,498.94
F45342,853.06
F45343,466.88
F45344,576.88
F45345,512.93
F45346,406.18
F45347,930.71
F45348,293.16
F45349,269.22
F45350,462.54
F45351,854.34
F45352,422.59
F45353,659.19
F45354,581.76
F45355,415.92
F45356,660.96
F45357,486.71
F45358,480.86
F45359,444.86
F45360,843.27
F45361,448.65
F45362,374.56
F45363,552.83
F45364,745.19
F45365,392.85
F45366,348.73
F45367,892.81
F45368,414.75
F45369,633.07
F45370,614.04
F45371,685.04
F45372,501.13
F45373,584.71
F45374,645.35
F45375,605.1
F45376,548.29
F45377,625.8
F45378,435.87
F45379,533.34
F45380,636.63
F45381,317.5
F45382,864.77
F45383,630.8
F45384,816.21
F45385,658.54
F45386,590.19
F45387,535.44
F45388,587.58
F45389,364.3
F45390,484.16
F45391,370.08
F45392,550.77
F45393,631.21
F45394,715.23
F45395,540.92
F45396,574.08
F45397,678.04
F45398,769.51
F45399,574.5
F45400,618.32
F45401,416.7
F45402,643.74
F45403,565.41
F45404,418.02
F45405,595.75
F45406,909.77
F45407,661.44
F45408,633.95
F45409,552.43
F45410,956.85
F45411,698.21
F45412,657.99
F45413,351.39
F45414,654.94
F45415,589.41
F45416,633.43
F45417,396.36
F45418,528.65
F45419,905.62
F45420,763.64
F45421,608.77
F45422,441.8
F45423,462.72
F45424,559.88
F45425,519.07
F45426,449.28
F45427,883.29
F45428,358.23
F45429,524.23
F45430,644.45
F45431,511.41
F45432,263.56
F45433,611.01
F45434,436.85
F45435,526.55
F45436,714.14
F45437,336.07
F45438,518.25
F45439,451.21
F45440,853.57
F45441,694.05
F45442,639.38
F45443,740.13
F45444,991.21
F45445,493.65
F45446,893.29
F45447,559.58
F45448,512.07
F45449,684.98
F45450,532.68
F45451,438.25
F45452,350.81
F45453,1090.28
F45454,335.41
F45455,468.92
F45456,661.71
F45457,538.71
F45458,604.89
F45459,372.1
F45460,506.44
F45461,816.62
F45462,633.77
F45463,696.3
F45464,447.5
F45465,544.66
F45466,507.48
F45467,433.71
F45468,441.57
F45469,652.15
F45470,652.52
F45471,705.35
F45472,674.83
F45473,527.27
F45474,392.66
F45475,753.54
F45476,1047.8
F45477,462.28
F45478,594.61
F45479,398.45
F45480,339.82
F45481,457.33
F45482,722.24
F45483,572.12
F45484,522.13
F45485,848.34
F45486,584.9
F45487,618.19
F45488,338.15
F45489,592.83
F45490,380.4
F45491,514.77
F45492,589.46
F45493,486.06
F45494,463.47
F45495,462.55
F45496,685.91
F45497,501.06
F45498,612.61
F45499,750.81
F45500,373.34
F45501,288.29
F45502,625.66
F45503,436.93
F45504,510.54
F45505,574.75
F45506,397.79
F45507,527.08
F45508,325.67
F45509,512.72
F45510,461.75
F45511,874.04
F45512,512.51
F45513,657.01
F45514,455.59
F45515,567.14
F45516,523.23
F45517,695.69
F45518,664.04
F45519,297.23
F45520,387.28
F45521,708.18
F45522,742.09
F45523,805.93
F45524,731.8
F45525,351.16
F45526,578.77
F45527,633.25
F45528,725.77
F45529,683.68
F45530,279.05
F45531,414.17
F45532,595.13
F45533,718.99
F45534,478.89
F45535,661.38
F45536,681.06
F45537,385.92
F45538,539.45
F45539,610.02
F45540,436.99
F45541,542.43
F45542,478.82
F45543,781.25
F45544,621.77
F45545,492.07
F45546,667.57
F45547,376.84
F45548,762.4
F45549,242.39
F45550,409.01
F45551,364.58
F45552,696.76
F45553,621.18
F45554,298.38
F45555,835.53
F45556,464.21
F45557,713.65
F45558,644.8
F45559,636.57
F45560,692.73
F45561,401.69
F45562,708.66
F45563,1003.85
F45564,836.82
F45565,400.83
F45566,410.64
F45567,865.6
F45568,382.57
F45569,682.76
F45570,422.45
F45571,429.37
F45572,808.23
F45573,583.57
F45574,659.3
F45575,504.66
F45576,524.0
F45577,321.72
F45578,533.61
F45579,563.58
F45580,600.82
F45581,411.17
F45582,979.09
F45583,479.7
F45584,743.65
F45585,413.9
F45586,509.3
F45587,533.81
F45588,861.57
F45589,719.35
F45590,641.23
F45591,617.07
F45592,917.71
F45593,985.11
F45594,571.94
F45595,673.05
F45596,572.59
F45597,838.89
F45598,475.85
F45599,259.62
F45600,600.81
F45601,573.79
F45602,505.13
F45603,809.66
F45604,660.09
F45605,604.41
F45606,474.51
F45607,808.97
F45608,426.92
F45609,341.26
F45610,490.06
F45611,865.68
F45612,383.97
F45613,334.36
F45614,980.99
F45615,613.31
F45616,545.35
F45617,918.01
F45618,726.68
F45619,490.88
F45620,355.21
F45621,646.09
F45622,756.3
F45623,698.02
F45624,505.89
F45625,545.58
F45626,624.12
F45627,506.18
F45628,923.04
F45629,347.61
F45630,467.88
F45631,726.18
F45632,583.06
F45633,624.57
F45634,382.59
F45635,650.34
F45636,413.42
F45637,415.64
F45638,353.36
F45639,697.37
F45640,615.71
F45641,446.19
F45642,609.94
F45643,290.85
F45644,334.14
F45645,711.73
F45646,454.84
F45647,537.12
F45648,705.27
F45649,1105.32
F45650,531.07
F45651,470.4
F45652,540.25
F45653,302.92
F45654,542.94
F45655,557.88
F45656,865.59
F45657,767.04
F45658,717.39
F45659,751.44
F45660,478.12
F45661,449.48
F45662,331.17
F45663,670.73
F45664,406.99
F45665,679.45
F45666,846.28
F45667,597.76
F45668,440.31
F45669,615.67
F45670,354.77
F45671,560.19
F45672,434.9
F45673,513.99
F45674,338.29
F45675,436.55
F45676,324.61
F45677,538.11
F45678,857.7
F45679,556.07
F45680,465.11
F45681,617.43
F45682,573.28
F45683,392.44
F45684,753.02
F45685,503.77
F45686,684.86
F45687,549.45
F45688,580.82
F45689,547.75
F45690,458.75
F45691,454.48
F45692,707.88
F45693,366.61
F45694,759.01
F45695,713.33
F45696,425.87
F45697,383.32
F45698,521.91
F45699,688.95
F45700,391.82
F45701,372.63
F45702,703.61
F45703,701.28
F45704,435.87
F45705,846.23
F45706,684.12
F45707,372.23
F45708,503.97
F45709,440.17
F45710,362.03
F45711,913.01
F45712,602.13
F45713,460.93
F45714,615.62
F45715,314.42
F45716,600.45
F45717,513.78
F45718,454.42
F45719,660.25
F45720,547.42
F45721,732.76
F45722,695.96
F45723,559.12
F45724,904.77
F45725,339.86
F45726,277.95
F45727,483.82
F45728,685.56
F45729,557.36
F45730,701.71
F45731,557.45
F45732,428.41
F45733,563.53
F45734,481.78
F45735,485.98
F45736,665.69
F45737,726.3
F45738,645.85
F45739,641.38
F45740,590.61
F45741,418.36
F45742,531.63
F45743,523.55
F45744,558.79
F45745,612.28
F45746,552.08
F45747,388.4
F45748,564.61
F45749,679.07
F45750,581.62
F45751,385.04
F45752,722.91
F45753,468.91
F45754,467.0
F45755,375.14
F45756,425.29
F45757,626.37
F45758,788.97
F45759,412.59
F45760,835.93
F45761,475.42
F45762,544.56
F45763,624.92
F45764,642.64
F45765,582.26
F45766,644.1
F45767,637.38
F45768,427.04
F45769,649.76
F45770,672.89
F45771,348.96
F45772,279.63
F45773,347.83
F45774,614.59
F45775,565.96
F45776,395.63
F45777,625.3
F45778,817.45
F45779,764.93
F45780,547.15
F45781,664.97
F45782,384.73
F45783,391.58
F45784,413.46
F45785,250.63
F45786,616.46
F45787,649.93
F45788,567.35
F45789,619.85
F45790,652.17
F45791,420.65
F45792,266.19
F45793,349.23
F45794,445.29
F45795,592.38
F45796,635.67
F45797,372.86
F45798,580.05
F45799,439.73
F45800,530.65
F45801,576.88
F45802,423.1
F45803,410.21
F45804,455.87
F45805,650.03
F45806,665.72
F45807,555.28
F45808,707.98
F45809,394.24
F45810,627.29
F45811,538.75
F45812,390.7
F45813,395.15
F45814,577.14
F45815,844.23
F45816,653.06
F45817,398.52
F45818,557.43
F45819,515.41
F45820,566.77
F45821,496.52
F45822,424.37
F45823,523.59
F45824,617.01
F45825,661.06
F45826,571.71
F45827,764.1
F45828,613.26
F45829,541.74
F45830,716.52
F45831,674.62
F45832,1007.51
F45833,576.4
F45834,616.92
F45835,457.6
F45836,684.67
F45837,361.18
F45838,394.0
F45839,393.34
F45840,817.49
F45841,434.32
F45842,386.13
F45843,361.05
F45844,504.18
F45845,391.36
F45846,723.3
F45847,587.63
F45848,565.75
F45849,381.59
F45850,697.31
F45851,547.57
F45852,721.94
F45853,667.14
F45854,533.21
F45855,280.66
F45856,868.56
F45857,774.73
F45858,592.27
F45859,303.16
F45860,663.57
F45861,737.49
F45862,436.74
F45863,580.45
F45864,689.83
F45865,799.44
F45866,299.59
F45867,353.79
F45868,702.46
F45869,433.62
F45870,467.16
F45871,760.56
F45872,544.9
F45873,356.4
F45874,545.62
F45875,311.68
F45876,344.02
F45877,439.27
F45878,739.26
F45879,568.99
F45880,814.48
F45881,792.0
F45882,1044.81
F45883,594.04
F45884,554.73
F45885,896.51
F45886,597.87
F45887,648.03
F45888,499.0
F45889,407.5
F45890,257.49
F45891,384.02
F45892,748.31
F45893,538.4
F45894,599.29
F45895,421.6
F45896,345.34
F45897,782.99
F45898,1006.26
F45899,359.06
F45900,630.88
F45901,483.94
F45902,626.87
F45903,329.0
F45904,790.14
F45905,430.13
F45906,471.44
F45907,566.21
F45908,451.03
F45909,534.59
F45910,375.98
F45911,566.23
F45912,712.56
F45913,533.98
F45914,441.8
F45915,449.57
F45916,792.39
F45917,519.77
F45918,709.81
F45919,465.58
F45920,703.41
F45921,569.13
F45922,503.44
F45923,472.05
F45924,648.38
F45925,573.42
F45926,615.58
F45927,764.72
F45928,438.16
F45929,501.82
F45930,483.01
F45931,746.95
F45932,427.12
F45933,783.69
F45934,595.4
F45935,303.3
F45936,626.61
F45937,610.12
F45938,803.15
F45939,686.76
F45940,856.33
F45941,582.85
F45942,573.57
F45943,530.7
F45944,362.99
F45945,663.05
F45946,633.74
F45947,538.79
F45948,875.55
F45949,468.93
F45950,483.56
F45951,493.77
F45952,588.37
F45953,497.07
F45954,585.96
F45955,497.18
F45956,662.44
F45957,423.66
F45958,745.56
F45959,436.6
F45960,715.23
F45961,717.84
F45962,438.72
F45963,929.11
F45964,611.4
F45965,506.43
F45966,388.73
F45967,616.44
F45968,379.55
F45969,382.93
F45970,477.6
F45971,534.87
F45972,577.06
F45973,619.07
F45974,633.27
F45975,450.99
F45976,685.14
F45977,631.72
F45978,490.63
F45979,539.02
F45980,712.65
F45981,616.84
F45982,521.19
F45983,390.57
F45984,697.13
F45985,441.29
F45986,390.52
F45987,492.23
F45988,608.23
F45989,645.92
F45990,617.8
F45991,626.41
F45992,876.92
F45993,960.79
F45994,509.79
F45995,477.71
F45996,770.47
F45997,562.43
F45998,855.77
F45999,420.67
F46000,823.53
F46001,898.56
F46002,717.25
F46003,433.44
F46004,343.32
F46005,546.6
F46006,635.59
F46007,501.58
F46008,636.56
F46009,414.89
F46010,707.8
F46011,485.77
F46012,734.88
F46013,544.59
F46014,697.71
F46015,774.01
F46016,661.78
F46017,512.59
F46018,480.01
F46019,444.29
F46020,648.35
F46021,797.42
F46022,339.94
F46023,527.23
F46024,405.03
F46025,463.65
F46026,542.73
F46027,619.85
F46028,769.53
F46029,731.45
F46030,424.81
F46031,553.12
F46032,437.97
F46033,822.22
F46034,608.18
F46035,803.42
F46036,643.38
F46037,443.06
F46038,404.76
F46039,418.16
F46040,693.52
F46041,296.9
F46042,540.04
F46043,455.28
F46044,545.74
F46045,786.46
F46046,397.98
F46047,585.75
F46048,397.42
F46049,627.14
F46050,409.51
F46051,829.61
F46052,674.39
F46053,503.99
F46054,713.14
F46055,485.18
F46056,255.02
F46057,626.6
F46058,744.86
F46059,756.84
F46060,675.83
F46061,380.68
F46062,740.25
F46063,452.81
F46064,710.3
F46065,753.1
F46066,919.32
F46067,520.83
F46068,434.45
F46069,469.85
F46070,545.21
F46071,599.59
F46072,552.95
F46073,412.07
F46074,625.89
F46075,530.52
F46076,763.85
F46077,457.27
F46078,640.38
F46079,649.9
F46080,424.83
F46081,470.23
F46082,282.01
F46083,382.85
F46084,424.85
F46085,787.28
F46086,347.19
F46087,404.93
F46088,944.4
F46089,631.23
F46090,654.35
F46091,591.22
F46092,480.3
F46093,804.32
F46094,672.44
F46095,493.87
F46096,479.14
F46097,384.15
F46098,543.99
F46099,476.06
F46100,713.94
F46101,864.37
F46102,609.61
F46103,579.4
F46104,410.12
F46105,674.19
F46106,268.96
F46107,389.32
F46108,496.36
F46109,629.69
F46110,706.46
F46111,449.53
F46112,608.46
F46113,351.1
F46114,665.74
F46115,696.58
F46116,543.54
F46117,266.8
F46118,456.06
F46119,571.94
F46120,658.74
F46121,522.25
F46122,689.66
F46123,528.37
F46124,702.22
F46125,735.83
F46126,449.71
F46127,500.47
F46128,422.71
F46129,478.45
F46130,500.5
F46131,557.53
F46132,611.15
F46133,435.34
F46134,423.68
F46135,681.51
F46136,346.82
F46137,578.32
F46138,419.55
F46139,432.3
F46140,356.69
F46141,451.79
F46142,345.4
F46143,582.46
F46144,565.48
F46145,573.84
F46146,817.73
F46147,698.07
F46148,357.87
F46149,440.3
F46150,756.9
F46151,821.87
F46152,336.37
F46153,313.79
F46154,642.37
F46155,556.51
F46156,369.52
F46157,433.13
F46158,539.28
F46159,741.84
F46160,560.68
F46161,973.49
F46162,763.26
F46163,394.11
F46164,625.89
F46165,466.16
F46166,783.5
F46167,558.24
F46168,551.4
F46169,648.23
F46170,374.54
F46171,886.16
F46172,432.53
F46173,756.79
F46174,704.42
F46175,581.24
F46176,627.62
F46177,884.84
F46178,293.45
F46179,365.41
F46180,738.11
F46181,429.67
F46182,696.17
F46183,393.34
F46184,1061.15
F46185,423.57
F46186,507.58
F46187,918.4
F46188,526.24
F46189,571.1
F46190,441.02
F46191,662.28
F46192,811.69
F46193,426.99
F46194,478.19
F46195,588.89
F46196,839.36
F46197,477.32
F46198,664.28
F46199,480.53
F46200,701.89
F46201,677.42
F46202,738.83
F46203,430.01
F46204,384.18
F46205,693.31
F46206,675.4
F46207,640.91
F46208,382.53
F46209,517.55
F46210,613.87
F46211,521.62
F46212,640.66
F46213,490.09
F46214,626.01
F46215,449.4
F46216,368.7
F46217,656.35
F46218,661.76
F46219,780.71
F46220,794.33
F46221,525.71
F46222,918.03
F46223,468.48
F46224,516.52
F46225,581.33
F46226,538.08
F46227,329.36
F46228,360.25
F46229,952.99
F46230,481.14
F46231,709.67
F46232,666.02
F46233,475.12
F46234,532.75
F46235,483.52
F46236,510.22
F46237,531.98
F46238,500.03
F46239,622.15
F46240,507.69
F46241,451.38
F46242,675.23
F46243,293.56
F46244,433.98
F46245,385.64
F46246,589.3
F46247,692.65
F46248,501.47
F46249,738.93
F46250,635.56
F46251,450.24
F46252,491.38
F46253,400.98
F46254,732.99
F46255,349.64
F46256,758.76
F46257,612.99
F46258,538.43
F46259,596.52
F46260,853.25
F46261,288.32
F46262,567.12
F46263,898.09
F46264,1006.45
F46265,634.75
F46266,671.55
F46267,344.5
F46268,511.4
F46269,403.38
F46270,470.45
F46271,545.22
F46272,630.75
F46273,425.6
F46274,498.72
F46275,754.59
F46276,540.09
F46277,526.4
F46278,358.43
F46279,716.97
F46280,462.48
F46281,269.43
F46282,581.44
F46283,465.72
F46284,567.79
F46285,623.76
F46286,450.98
F46287,706.29
F46288,569.79
F46289,805.49
F46290,425.76
F46291,528.81
F46292,839.28
F46293,497.05
F46294,470.74
F46295,389.85
F46296,602.37
F46297,601.16
F46298,562.98
F46299,493.67
F46300,575.69
F46301,654.06
F46302,608.88
F46303,528.85
F46304,549.54
F46305,342.75
F46306,491.18
F46307,396.66
F46308,650.81
F46309,752.47
F46310,350.53
F46311,395.26
F46312,438.75
F46313,564.11
F46314,603.0
F46315,382.13
F46316,560.76
F46317,596.43
F46318,646.36
F46319,381.43
F46320,771.64
F46321,344.13
F46322,770.47
F46323,532.78
F46324,291.56
F46325,582.05
F46326,391.69
F46327,570.46
F46328,710.95
F46329,409.52
F46330,473.26
F46331,609.98
F46332,980.27
F46333,694.47
F46334,454.78
F46335,741.99
F46336,537.08
F46337,409.26
F46338,323.97
F46339,702.83
F46340,544.12
F46341,743.12
F46342,838.44
F46343,314.82
F46344,668.87
F46345,465.23
F46346,560.38
F46347,659.83
F46348,432.59
F46349,624.88
F46350,323.73
F46351,542.4
F46352,504.86
F46353,378.18
F46354,628.27
F46355,583.92
F46356,643.2
F46357,577.06
F46358,440.46
F46359,244.05
F46360,691.51
F46361,523.72
F46362,446.96
F46363,471.17
F46364,681.08
F46365,341.85
F46366,429.33
F46367,715.85
F46368,467.29
F46369,754.88
F46370,509.09
F46371,509.42
F46372,588.6
F46373,565.52
F46374,545.21
F46375,571.93
F46376,855.05
F46377,715.98
F46378,289.64
F46379,605.65
F46380,538.24
F46381,615.06
F46382,675.07
F46383,537.61
F46384,474.67
F46385,541.78
F46386,547.57
F46387,502.82
F46388,684.5
F46389,596.73
F46390,703.53
F46391,431.68
F46392,755.59
F46393,653.65
F46394,569.91
F46395,618.23
F46396,358.94
F46397,364.14
F46398,625.63
F46399,554.84
F46400,559.68
F46401,650.61
F46402,858.62
F46403,359.51
F46404,568.15
F46405,602.0
F46406,758.32
F46407,878.6
F46408,567.07
F46409,665.22
F46410,679.54
F46411,656.07
F46412,648.74
F46413,745.48
F46414,659.78
F46415,591.96
F46416,406.57
F46417,810.88
F46418,412.37
F46419,580.1
F46420,711.18
F46421,487.47
F46422,640.01
F46423,311.88
F46424,348.04
F46425,762.77
F46426,550.77
F46427,753.87
F46428,832.33
F46429,429.55
F46430,396.17
F46431,740.82
F46432,625.05
F46433,543.92
F46434,306.07
F46435,417.84
F46436,557.44
F46437,572.49
F46438,605.96
F46439,805.02
F46440,505.92
F46441,533.65
F46442,670.6
F46443,595.92
F46444,386.35
F46445,561.08
F46446,483.7
F46447,703.52
F46448,348.23
F46449,546.52
F46450,400.17
F46451,828.7
F46452,552.01
F46453,782.98
F46454,363.33
F46455,495.33
F46456,502.98
F46457,487.61
F46458,424.29
F46459,768.6
F46460,394.21
F46461,730.38
F46462,494.5
F46463,1029.35
F46464,273.53
F46465,943.32
F46466,733.36
F46467,629.55
F46468,676.17
F46469,703.07
F46470,403.99
F46471,803.54
F46472,620.54
F46473,574.63
F46474,688.35
F46475,505.93
F46476,602.31
F46477,472.37
F46478,578.88
F46479,728.66
F46480,506.81
F46481,592.69
F46482,794.37
F46483,565.35
F46484,567.81
F46485,421.61
F46486,375.76
F46487,345.72
F46488,600.17
F46489,597.94
F46490,606.75
F46491,665.46
F46492,543.63
F46493,696.29
F46494,729.99
F46495,555.37
F46496,397.25
F46497,527.57
F46498,651.05
F46499,863.72
F46500,539.91
F46501,687.07
F46502,558.11
F46503,520.38
F46504,463.06
F46505,526.12
F46506,584.65
F46507,582.51
F46508,719.93
F46509,570.01
F46510,833.27
F46511,602.58
F46512,317.68
F46513,611.86
F46514,830.32
F46515,364.73
F46516,423.69
F46517,669.19
F46518,556.29
F46519,461.54
F46520,326.83
F46521,549.5
F46522,531.06
F46523,648.76
F46524,626.95
F46525,321.84
F46526,720.89
F46527,553.97
F46528,421.32
F46529,647.65
F46530,426.77
F46531,231.41
F46532,388.51
F46533,510.2
F46534,376.51
F46535,770.39
F46536,356.73
F46537,481.89
F46538,821.84
F46539,544.3
F46540,544.62
F46541,459.48
F46542,500.7
F46543,598.82
F46544,629.53
F46545,283.51
F46546,567.92
F46547,888.18
F46548,727.64
F46549,792.93
F46550,392.35
F46551,375.79
F46552,362.18
F46553,412.35
F46554,422.56
F46555,322.61
F46556,765.5
F46557,544.02
F46558,655.72
F46559,386.06
F46560,651.34
F46561,522.92
F46562,471.14
F46563,657.16
F46564,723.69
F46565,460.08
F46566,794.2
F46567,502.41
F46568,297.43
F46569,725.73
F46570,784.49
F46571,439.01
F46572,528.74
F46573,431.13
F46574,599.32
F46575,791.57
F46576,971.27
F46577,648.92
F46578,540.85
F46579,720.11
F46580,725.13
F46581,455.33
F46582,391.55
F46583,464.54
F46584,571.66
F46585,424.33
F46586,323.63
F46587,333.14
F46588,479.97
F46589,447.26
F46590,481.87
F46591,404.26
F46592,578.03
F46593,553.22
F46594,539.08
F46595,679.83
F46596,400.55
F46597,674.13
F46598,567.21
F46599,389.83
F46600,588.86
F46601,687.28
F46602,475.23
F46603,363.88
F46604,862.37
F46605,667.84
F46606,429.67
F46607,619.57
F46608,541.36
F46609,708.08
F46610,571.34
F46611,295.68
F46612,493.2
F46613,633.84
F46614,304.96
F46615,433.37
F46616,744.43
F46617,374.45
F46618,291.39
F46619,574.45
F46620,689.01
F46621,422.9
F46622,536.82
F46623,638.01
F46624,641.89
F46625,383.95
F46626,520.7
F46627,283.91
F46628,531.38
F46629,949.5
F46630,711.05
F46631,672.39
F46632,401.87
F46633,676.23
F46634,592.74
F46635,563.96
F46636,464.84
F46637,524.8
F46638,514.47
F46639,415.7
F46640,575.98
F46641,420.71
F46642,695.09
F46643,440.45
F46644,652.08
F46645,839.64
F46646,732.75
F46647,452.15
F46648,296.39
F46649,527.86
F46650,704.89
F46651,517.14
F46652,509.17
F46653,354.8
F46654,449.49
F46655,418.09
F46656,656.16
F46657,706.91
F46658,550.42
F46659,612.45
F46660,862.67
F46661,487.41
F46662,763.82
F46663,426.81
F46664,672.35
F46665,436.49
F46666,562.31
F46667,360.87
F46668,543.75
F46669,659.25
F46670,650.23
F46671,838.48
F46672,618.21
F46673,553.87
F46674,397.12
F46675,538.16
F46676,429.82
F46677,664.03
F46678,735.53
F46679,473.93
F46680,563.52
F46681,534.23
F46682,604.5
F46683,458.29
F46684,552.55
F46685,661.96
F46686,462.4
F46687,646.94
F46688,635.88
F46689,456.89
F46690,822.51
F46691,630.63
F46692,396.48
F46693,287.98
F46694,487.46
F46695,786.9
F46696,511.03
F46697,583.45
F46698,850.13
F46699,748.07
F46700,390.93
F46701,478.39
F46702,604.69
F46703,665.38
F46704,523.05
F46705,444.19
F46706,550.24
F46707,448.17
F46708,848.61
F46709,379.34
F46710,624.8
F46711,716.25
F46712,775.03
F46713,737.39
F46714,623.46
F46715,425.78
F46716,379.14
F46717,671.84
F46718,467.39
F46719,538.1
F46720,430.35
F46721,523.77
F46722,391.42
F46723,347.8
F46724,597.82
F46725,975.74
F46726,676.36
F46727,337.66
F46728,498.53
F46729,773.42
F46730,614.86
F46731,673.54
F46732,645.1
F46733,573.54
F46734,612.18
F46735,356.51
F46736,527.17
F46737,551.72
F46738,500.93
F46739,657.88
F46740,558.65
F46741,656.14
F46742,565.89
F46743,679.49
F46744,311.73
F46745,601.25
F46746,426.86
F46747,606.08
F46748,910.5
F46749,527.26
F46750,607.98
F46751,364.62
F46752,631.06
F46753,513.64
F46754,433.44
F46755,492.5
F46756,549.65
F46757,585.97
F46758,558.01
F46759,734.78
F46760,612.77
F46761,710.73
F46762,584.29
F46763,391.75
F46764,401.18
F46765,981.13
F46766,497.38
F46767,695.12
F46768,507.09
F46769,564.42
F46770,403.23
F46771,266.95
F46772,266.26
F46773,502.01
F46774,792.01
F46775,678.9
F46776,897.65
F46777,465.58
F46778,698.62
F46779,784.01
F46780,600.39
F46781,450.41
F46782,374.5
F46783,697.08
F46784,837.21
F46785,290.78
F46786,608.71
F46787,720.93
F46788,527.07
F46789,419.51
F46790,497.68
F46791,656.85
F46792,655.33
F46793,322.32
F46794,350.84
F46795,486.79
F46796,560.57
F46797,619.21
F46798,592.6
F46799,566.97
F46800,830.99
F46801,378.38
F46802,717.97
F46803,636.49
F46804,743.79
F46805,875.27
F46806,597.1
F46807,703.41
F46808,585.69
F46809,506.17
F46810,709.1
F46811,695.78
F46812,737.12
F46813,440.96
F46814,534.8
F46815,573.36
F46816,959.53
F46817,480.69
F46818,523.51
F46819,430.27
F46820,461.7
F46821,945.96
F46822,493.14
F46823,496.15
F46824,628.73
F46825,668.96
F46826,580.51
F46827,484.49
F46828,570.92
F46829,411.12
F46830,804.96
F46831,557.13
F46832,620.78
F46833,535.01
F46834,714.77
F46835,681.09
F46836,517.02
F46837,454.96
F46838,772.56
F46839,629.4
F46840,731.57
F46841,591.63
F46842,463.75
F46843,401.39
F46844,538.21
F46845,520.04
F46846,583.37
F46847,635.05
F46848,799.74
F46849,581.92
F46850,670.77
F46851,764.03
F46852,520.91
F46853,854.31
F46854,563.22
F46855,521.41
F46856,736.11
F46857,511.65
F46858,461.19
F46859,627.89
F46860,707.25
F46861,567.87
F46862,458.82
F46863,510.25
F46864,380.25
F46865,417.24
F46866,428.15
F46867,540.48
F46868,758.98
F46869,716.61
F46870,453.67
F46871,652.8
F46872,557.95
F46873,610.39
F46874,624.25
F46875,360.18
F46876,560.53
F46877,487.87
F46878,478.93
F46879,227.34
F46880,540.92
F46881,607.05
F46882,702.46
F46883,730.49
F46884,465.29
F46885,254.04
F46886,582.79
F46887,420.34
F46888,489.32
F46889,677.65
F46890,887.58
F46891,335.47
F46892,840.51
F46893,888.83
F46894,604.16
F46895,639.65
F46896,652.87
F46897,532.66
F46898,733.67
F46899,471.89
F46900,881.93
F46901,746.99
F46902,521.47
F46903,640.29
F46904,548.7
F46905,340.6
F46906,817.72
F46907,682.39
F46908,478.89
F46909,606.7
F46910,689.44
F46911,749.9
F46912,985.43
F46913,481.61
F46914,645.77
F46915,812.2
F46916,511.25
F46917,701.82
F46918,642.59
F46919,667.06
F46920,415.19
F46921,350.52
F46922,328.92
F46923,636.72
F46924,427.66
F46925,521.83
F46926,427.06
F46927,546.44
F46928,670.26
F46929,1059.8
F46930,386.17
F46931,985.32
F46932,520.61
F46933,660.11
F46934,572.42
F46935,891.03
F46936,412.24
F46937,584.77
F46938,619.02
F46939,851.79
F46940,766.6
F46941,543.81
F46942,520.75
F46943,463.54
F46944,493.39
F46945,490.41
F46946,393.48
F46947,331.95
F46948,561.52
F46949,761.96
F46950,631.09
F46951,840.89
F46952,459.54
F46953,628.54
F46954,479.86
F46955,748.45
F46956,513.92
F46957,967.22
F46958,599.12
F46959,912.02
F46960,520.51
F46961,848.86
F46962,531.65
F46963,536.56
F46964,515.15
F46965,554.46
F46966,568.4
F46967,359.98
F46968,394.46
F46969,719.55
F46970,755.09
F46971,623.14
F46972,838.05
F46973,543.88
F46974,465.74
F46975,558.48
F46976,521.45
F46977,786.63
F46978,1011.45
F46979,357.88
F46980,722.84
F46981,664.29
F46982,801.73
F46983,808.38
F46984,971.22
F46985,281.77
F46986,590.3
F46987,316.07
F46988,563.35
F46989,923.27
F46990,422.05
F46991,546.17
F46992,583.16
F46993,457.91
F46994,598.21
F46995,991.83
F46996,829.47
F46997,788.79
F46998,445.42
F46999,835.3
F47000,429.37
F47001,451.58
F47002,748.31
F47003,493.08
F47004,405.23
F47005,648.83
F47006,878.36
F47007,517.79
F47008,439.38
F47009,366.91
F47010,413.19
F47011,647.88
F47012,428.8
F47013,583.36
F47014,421.47
F47015,746.63
F47016,577.97
F47017,365.19
F47018,521.09
F47019,789.02
F47020,503.51
F47021,844.64
F47022,380.4
F47023,624.34
F47024,539.28
F47025,372.94
F47026,508.32
F47027,852.56
F47028,706.27
F47029,418.5
F47030,360.74
F47031,532.14
F47032,657.65
F47033,806.1
F47034,559.22
F47035,308.69
F47036,721.54
F47037,588.33
F47038,560.77
F47039,465.97
F47040,896.77
F47041,502.23
F47042,425.26
F47043,626.93
F47044,558.6
F47045,499.2
F47046,569.28
F47047,681.15
F47048,496.93
F47049,790.34
F47050,878.55
F47051,895.67
F47052,495.49
F47053,506.17
F47054,594.13
F47055,838.56
F47056,547.78
F47057,790.7
F47058,422.84
F47059,454.9
F47060,431.33
F47061,477.34
F47062,774.9
F47063,260.51
F47064,607.08
F47065,484.82
F47066,330.73
F47067,639.48
F47068,528.82
F47069,400.33
F47070,574.28
F47071,877.28
F47072,463.15
F47073,495.53
F47074,647.72
F47075,434.93
F47076,478.56
F47077,884.67
F47078,522.36
F47079,1041.67
F47080,466.75
F47081,505.57
F47082,444.12
F47083,746.96
F47084,629.31
F47085,378.89
F47086,788.68
F47087,412.47
F47088,458.0
F47089,781.77
F47090,512.56
F47091,665.49
F47092,700.31
F47093,437.95
F47094,591.67
F47095,608.68
F47096,605.16
F47097,626.72
F47098,582.56
F47099,773.35
F47100,721.29
F47101,628.65
F47102,401.51
F47103,929.64
F47104,610.25
F47105,381.9
F47106,739.01
F47107,678.33
F47108,813.52
F47109,457.88
F47110,477.07
F47111,635.14
F47112,282.59
F47113,553.04
F47114,413.21
F47115,549.31
F47116,383.81
F47117,641.17
F47118,378.04
F47119,345.25
F47120,288.68
F47121,605.8
F47122,411.38
F47123,681.84
F47124,723.47
F47125,432.24
F47126,843.16
F47127,637.67
F47128,522.61
F47129,683.82
F47130,415.01
F47131,375.21
F47132,405.1
F47133,789.18
F47134,422.66
F47135,500.03
F47136,493.94
F47137,853.68
F47138,674.59
F47139,627.69
F47140,323.38
F47141,611.79
F47142,652.98
F47143,457.48
F47144,297.31
F47145,689.65
F47146,767.9
F47147,362.51
F47148,553.23
F47149,440.86
F47150,681.43
F47151,752.57
F47152,635.65
F47153,714.58
F47154,671.49
F47155,448.45
F47156,484.51
F47157,500.28
F47158,647.02
F47159,480.93
F47160,420.36
F47161,727.79
F47162,710.19
F47163,390.04
F47164,727.13
F47165,804.0
F47166,804.17
F47167,504.38
F47168,837.93
F47169,457.38
F47170,431.53
F47171,615.63
F47172,496.51
F47173,577.4
F47174,697.08
F47175,442.22
F47176,571.48
F47177,750.03
F47178,398.06
F47179,474.4
F47180,720.93
F47181,843.15
F47182,550.51
F47183,431.68
F47184,516.29
F47185,898.07
F47186,544.03
F47187,367.58
F47188,535.17
F47189,648.99
F47190,727.8
F47191,603.75
F47192,452.12
F47193,402.36
F47194,760.02
F47195,658.46
F47196,338.76
F47197,351.09
F47198,505.84
F47199,697.0
F47200,423.65
F47201,570.15
F47202,461.27
F47203,439.56
F47204,635.67
F47205,771.42
F47206,503.51
F47207,472.92
F47208,444.98
F47209,423.01
F47210,454.58
F47211,708.9
F47212,756.15
F47213,567.8
F47214,367.69
F47215,512.06
F47216,506.28
F47217,635.54
F47218,344.01
F47219,591.32
F47220,381.03
F47221,383.97
F47222,468.1
F47223,528.22
F47224,590.41
F47225,600.66
F47226,234.5
F47227,358.61
F47228,246.91
F47229,785.03
F47230,714.92
F47231,567.05
F47232,549.01
F47233,652.94
F47234,364.82
F47235,445.41
F47236,402.29
F47237,442.6
F47238,635.45
F47239,428.84
F47240,608.49
F47241,758.15
F47242,587.19
F47243,646.31
F47244,241.8
F47245,683.97
F47246,1035.36
F47247,453.87
F47248,437.71
F47249,715.54
F47250,806.98
F47251,558.68
F47252,389.12
F47253,557.89
F47254,407.3
F47255,577.88
F47256,587.54
F47257,330.52
F47258,384.72
F47259,664.61
F47260,698.34
F47261,627.77
F47262,425.52
F47263,335.16
F47264,560.78
F47265,507.93
F47266,796.81
F47267,505.45
F47268,543.33
F47269,417.05
F47270,710.13
F47271,404.86
F47272,367.94
F47273,382.4
F47274,364.29
F47275,854.07
F47276,652.22
F47277,678.85
F47278,641.68
F47279,454.36
F47280,578.31
F47281,458.07
F47282,632.15
F47283,442.17
F47284,730.73
F47285,556.66
F47286,557.21
F47287,487.52
F47288,400.84
F47289,308.13
F47290,370.93
F47291,478.9
F47292,760.09
F47293,490.47
F47294,437.96
F47295,839.46
F47296,491.01
F47297,390.13
F47298,941.84
F47299,582.74
F47300,641.96
F47301,608.73
F47302,616.15
F47303,974.71
F47304,665.8
F47305,472.11
F47306,649.84
F47307,584.24
F47308,549.44
F47309,392.88
F47310,627.61
F47311,367.13
F47312,516.59
F47313,886.61
F47314,453.27
F47315,484.73
F47316,866.85
F47317,616.52
F47318,448.89
F47319,487.76
F47320,477.78
F47321,496.05
F47322,521.45
F47323,698.55
F47324,661.19
F47325,508.44
F47326,660.62
F47327,889.29
F47328,388.75
F47329,404.58
F47330,464.75
F47331,509.18
F47332,653.5
F47333,418.46
F47334,754.21
F47335,393.45
F47336,532.81
F47337,576.87
F47338,526.25
F47339,430.94
F47340,346.69
F47341,690.31
F47342,333.44
F47343,600.58
F47344,754.14
F47345,482.12
F47346,560.4
F47347,455.65
F47348,552.72
F47349,512.15
F47350,429.82
F47351,1029.38
F47352,768.6
F47353,903.28
F47354,721.92
F47355,830.93
F47356,648.35
F47357,685.31
F47358,741.18
F47359,410.91
F47360,789.65
F47361,827.27
F47362,612.09
F47363,416.73
F47364,761.42
F47365,551.76
F47366,560.7
F47367,748.07
F47368,792.81
F47369,739.41
F47370,574.83
F47371,726.53
F47372,643.42
F47373,380.27
F47374,439.68
F47375,801.01
F47376,437.43
F47377,503.77
F47378,928.08
F47379,788.63
F47380,516.42
F47381,602.08
F47382,595.03
F47383,408.72
F47384,582.62
F47385,420.64
F47386,707.84
F47387,707.77
F47388,989.53
F47389,670.34
F47390,373.6
F47391,506.05
F47392,383.53
F47393,717.62
F47394,440.63
F47395,466.99
F47396,654.03
F47397,598.5
F47398,532.92
F47399,765.23
F47400,388.11
F47401,842.21
F47402,234.46
F47403,436.52
F47404,1118.16
F47405,662.32
F47406,477.76
F47407,420.74
F47408,597.11
F47409,341.61
F47410,359.72
F47411,453.1
F47412,476.96
F47413,412.17
F47414,371.26
F47415,605.63
F47416,955.55
F47417,665.93
F47418,681.94
F47419,758.44
F47420,853.53
F47421,298.94
F47422,548.52
F47423,752.56
F47424,421.05
F47425,549.24
F47426,230.3
F47427,1048.27
F47428,821.0
F47429,406.54
F47430,363.2
F47431,714.04
F47432,467.68
F47433,719.51
F47434,931.76
F47435,760.5
F47436,985.12
F47437,448.86
F47438,361.85
F47439,722.59
F47440,299.31
F47441,422.43
F47442,366.14
F47443,666.32
F47444,518.75
F47445,369.71
F47446,631.22
F47447,629.26
F47448,735.61
F47449,612.55
F47450,528.95
F47451,914.4
F47452,745.74
F47453,311.86
F47454,814.61
F47455,709.22
F47456,525.62
F47457,494.46
F47458,398.86
F47459,731.19
F47460,750.8
F47461,611.59
F47462,445.73
F47463,613.06
F47464,518.47
F47465,541.55
F47466,603.21
F47467,426.61
F47468,549.82
F47469,700.49
F47470,720.21
F47471,604.05
F47472,841.64
F47473,367.84
F47474,501.41
F47475,300.41
F47476,520.97
F47477,434.26
F47478,509.3
F47479,596.91
F47480,698.43
F47481,374.36
F47482,490.38
F47483,530.21
F47484,734.82
F47485,590.54
F47486,573.97
F47487,544.11
F47488,558.64
F47489,478.94
F47490,373.96
F47491,911.6
F47492,470.85
F47493,556.74
F47494,731.26
F47495,593.33
F47496,446.37
F47497,541.45
F47498,594.42
F47499,540.25
F47500,468.64
F47501,599.06
F47502,686.14
F47503,480.94
F47504,636.26
F47505,599.21
F47506,955.44
F47507,585.77
F47508,662.58
F47509,599.22
F47510,504.17
F47511,681.06
F47512,757.19
F47513,591.77
F47514,548.71
F47515,641.42
F47516,425.43
F47517,988.87
F47518,457.9
F47519,675.2
F47520,850.73
F47521,636.14
F47522,685.66
F47523,698.92
F47524,900.62
F47525,607.65
F47526,463.37
F47527,577.53
F47528,719.53
F47529,295.0
F47530,447.66
F47531,821.75
F47532,638.94
F47533,516.39
F47534,664.9
F47535,513.53
F47536,972.44
F47537,483.16
F47538,948.05
F47539,744.98
F47540,727.18
F47541,620.44
F47542,512.98
F47543,465.54
F47544,433.31
F47545,737.99
F47546,722.54
F47547,797.06
F47548,1064.8
F47549,688.88
F47550,688.05
F47551,595.32
F47552,469.62
F47553,465.48
F47554,838.07
F47555,670.22
F47556,551.47
F47557,560.27
F47558,450.53
F47559,378.73
F47560,696.25
F47561,547.64
F47562,601.59
F47563,401.3
F47564,457.36
F47565,788.02
F47566,628.74
F47567,374.19
F47568,425.35
F47569,463.81
F47570,659.22
F47571,604.17
F47572,498.66
F47573,713.19
F47574,406.08
F47575,602.43
F47576,532.91
F47577,255.59
F47578,386.45
F47579,631.85
F47580,411.55
F47581,417.14
F47582,366.53
F47583,344.42
F47584,600.73
F47585,449.31
F47586,427.71
F47587,661.55
F47588,694.1
F47589,822.62
F47590,726.82
F47591,739.4
F47592,477.36
F47593,625.48
F47594,1052.87
F47595,1017.64
F47596,470.24
F47597,632.28
F47598,865.27
F47599,363.44
F47600,695.32
F47601,446.5
F47602,787.81
F47603,578.62
F47604,643.17
F47605,502.82
F47606,510.0
F47607,515.58
F47608,413.15
F47609,421.31
F47610,525.31
F47611,478.12
F47612,692.64
F47613,601.96
F47614,666.1
F47615,746.49
F47616,567.97
F47617,413.91
F47618,349.52
F47619,1001.92
F47620,657.67
F47621,833.37
F47622,746.65
F47623,417.61
F47624,736.89
F47625,456.9
F47626,911.86
F47627,399.96
F47628,508.9
F47629,811.24
F47630,636.61
F47631,424.1
F47632,916.29
F47633,539.09
F47634,471.56
F47635,411.79
F47636,607.79
F47637,557.63
F47638,404.04
F47639,650.03
F47640,502.8
F47641,511.92
F47642,440.97
F47643,448.91
F47644,354.23
F47645,472.91
F47646,764.05
F47647,514.88
F47648,859.91
F47649,499.42
F47650,548.57
F47651,845.68
F47652,595.05
F47653,636.2
F47654,754.43
F47655,510.22
F47656,862.79
F47657,467.93
F47658,742.44
F47659,642.94
F47660,460.24
F47661,532.99
F47662,686.52
F47663,579.79
F47664,592.6
F47665,437.94
F47666,646.78
F47667,421.34
F47668,580.46
F47669,314.76
F47670,600.55
F47671,649.77
F47672,629.47
F47673,619.31
F47674,573.47
F47675,388.67
F47676,464.81
F47677,445.86
F47678,763.86
F47679,526.77
F47680,502.51
F47681,763.53
F47682,406.36
F47683,739.61
F47684,641.57
F47685,627.31
F47686,633.78
F47687,277.0
F47688,482.18
F47689,438.65
F47690,727.6
F47691,727.25
F47692,722.8
F47693,455.46
F47694,517.32
F47695,376.6
F47696,762.48
F47697,562.25
F47698,699.08
F47699,1001.11
F47700,551.3
F47701,475.44
F47702,427.05
F47703,679.56
F47704,715.48
F47705,511.15
F47706,612.52
F47707,616.06
F47708,506.14
F47709,636.99
F47710,524.74
F47711,545.04
F47712,432.19
F47713,556.15
F47714,740.57
F47715,601.0
F47716,355.28
F47717,392.0
F47718,386.2
F47719,474.19
F47720,629.25
F47721,856.06
F47722,462.45
F47723,780.38
F47724,643.41
F47725,490.06
F47726,790.47
F47727,347.77
F47728,823.66
F47729,377.2
F47730,827.78
F47731,387.6
F47732,313.33
F47733,477.11
F47734,632.0
F47735,640.59
F47736,355.04
F47737,502.71
F47738,510.59
F47739,584.7
F47740,567.54
F47741,687.85
F47742,615.51
F47743,745.02
F47744,534.84
F47745,592.89
F47746,612.39
F47747,662.13
F47748,333.63
F47749,399.89
F47750,719.32
F47751,748.84
F47752,912.24
F47753,392.84
F47754,477.71
F47755,256.78
F47756,415.12
F47757,513.16
F47758,537.4
F47759,426.17
F47760,581.29
F47761,547.32
F47762,506.17
F47763,619.62
F47764,347.41
F47765,654.24
F47766,711.57
F47767,808.85
F47768,487.11
F47769,432.05
F47770,669.23
F47771,774.7
F47772,597.94
F47773,600.27
F47774,762.42
F47775,428.44
F47776,420.99
F47777,665.38
F47778,354.79
F47779,757.39
F47780,605.8
F47781,566.55
F47782,664.0
F47783,432.32
F47784,823.65
F47785,829.3
F47786,512.73
F47787,296.7
F47788,477.97
F47789,617.31
F47790,353.62
F47791,550.12
F47792,394.64
F47793,377.02
F47794,672.54
F47795,391.62
F47796,434.15
F47797,341.81
F47798,715.75
F47799,574.15
F47800,681.47
F47801,235.79
F47802,281.4
F47803,480.88
F47804,835.74
F47805,643.75
F47806,959.44
F47807,459.68
F47808,426.24
F47809,571.19
F47810,394.39
F47811,571.14
F47812,572.95
F47813,419.41
F47814,581.99
F47815,619.83
F47816,594.34
F47817,375.11
F47818,470.86
F47819,812.18
F47820,568.59
F47821,448.56
F47822,937.62
F47823,830.92
F47824,691.03
F47825,632.26
F47826,735.28
F47827,860.35
F47828,452.35
F47829,552.11
F47830,605.49
F47831,625.91
F47832,412.32
F47833,337.78
F47834,615.05
F47835,611.06
F47836,628.32
F47837,492.18
F47838,420.48
F47839,206.23
F47840,560.45
F47841,648.07
F47842,550.58
F47843,371.16
F47844,455.3
F47845,631.93
F47846,788.49
F47847,387.36
F47848,282.06
F47849,828.97
F47850,305.65
F47851,452.04
F47852,659.17
F47853,591.56
F47854,468.76
F47855,499.5
F47856,532.02
F47857,520.76
F47858,454.73
F47859,577.99
F47860,425.12
F47861,677.61
F47862,910.78
F47863,762.3
F47864,585.14
F47865,524.96
F47866,712.52
F47867,566.68
F47868,615.95
F47869,371.33
F47870,407.1
F47871,404.86
F47872,588.37
F47873,890.8
F47874,490.99
F47875,432.06
F47876,631.83
F47877,538.93
F47878,326.44
F47879,366.84
F47880,488.69
F47881,432.48
F47882,589.49
F47883,524.15
F47884,602.13
F47885,433.74
F47886,485.4
F47887,658.19
F47888,520.18
F47889,466.65
F47890,678.89
F47891,1045.89
F47892,374.84
F47893,322.78
F47894,603.19
F47895,323.16
F47896,387.62
F47897,490.82
F47898,591.53
F47899,619.38
F47900,387.91
F47901,404.27
F47902,556.21
F47903,586.66
F47904,646.49
F47905,778.59
F47906,716.95
F47907,458.44
F47908,538.65
F47909,633.74
F47910,569.6
F47911,722.5
F47912,666.74
F47913,418.11
F47914,791.07
F47915,721.34
F47916,607.63
F47917,567.0
F47918,564.22
F47919,500.16
F47920,506.87
F47921,514.19
F47922,832.7
F47923,418.46
F47924,407.6
F47925,317.22
F47926,607.06
F47927,635.01
F47928,473.22
F47929,507.61
F47930,616.7
F47931,728.67
F47932,545.98
F47933,705.61
F47934,569.14
F47935,531.34
F47936,698.5
F47937,482.64
F47938,756.18
F47939,547.08
F47940,839.58
F47941,467.19
F47942,568.6
F47943,483.38
F47944,817.68
F47945,456.83
F47946,718.26
F47947,571.45
F47948,471.08
F47949,370.9
F47950,521.72
F47951,412.41
F47952,483.29
F47953,421.47
F47954,685.51
F47955,455.85
F47956,432.25
F47957,703.39
F47958,697.54
F47959,581.1
F47960,697.98
F47961,446.23
F47962,579.44
F47963,631.04
F47964,561.56
F47965,581.32
F47966,420.02
F47967,808.54
F47968,551.86
F47969,638.03
F47970,441.67
F47971,625.87
F47972,380.35
F47973,406.88
F47974,649.44
F47975,763.54
F47976,828.61
F47977,725.17
F47978,628.31
F47979,709.53
F47980,300.21
F47981,285.37
F47982,453.29
F47983,546.23
F47984,696.61
F47985,659.6
F47986,623.52
F47987,603.76
F47988,479.65
F47989,681.24
F47990,387.04
F47991,535.6
F47992,589.5
F47993,948.74
F47994,321.72
F47995,687.68
F47996,703.9
F47997,570.32
F47998,492.47
F47999,687.92
F48000,639.26
F48001,659.76
F48002,411.78
F48003,554.82
F48004,487.02
F48005,644.68
F48006,382.07
F48007,706.61
F48008,860.59
F48009,685.3
F48010,704.33
F48011,628.41
F48012,469.22
F48013,500.54
F48014,313.88
F48015,631.48
F48016,445.31
F48017,881.8
F48018,647.73
F48019,650.14
F48020,362.7
F48021,328.19
F48022,422.04
F48023,467.29
F48024,379.94
F48025,603.32
F48026,370.82
F48027,525.04
F48028,394.23
F48029,541.37
F48030,702.62
F48031,588.11
F48032,348.67
F48033,557.29
F48034,652.48
F48035,594.99
F48036,567.71
F48037,775.9
F48038,509.69
F48039,361.08
F48040,467.14
F48041,1002.67
F48042,393.23
F48043,449.61
F48044,503.35
F48045,520.1
F48046,431.67
F48047,589.04
F48048,602.16
F48049,621.14
F48050,872.32
F48051,724.89
F48052,483.71
F48053,857.5
F48054,635.04
F48055,618.64
F48056,604.87
F48057,442.09
F48058,920.43
F48059,687.11
F48060,393.15
F48061,756.63
F48062,626.19
F48063,398.33
F48064,443.86
F48065,495.04
F48066,353.65
F48067,582.5
F48068,716.45
F48069,684.02
F48070,322.66
F48071,418.55
F48072,771.4
F48073,486.51
F48074,559.51
F48075,606.28
F48076,859.0
F48077,581.82
F48078,796.54
F48079,471.8
F48080,602.14
F48081,597.36
F48082,583.03
F48083,530.26
F48084,455.79
F48085,583.24
F48086,355.55
F48087,546.69
F48088,793.25
F48089,663.66
F48090,589.65
F48091,461.91
F48092,486.26
F48093,352.55
F48094,511.34
F48095,548.38
F48096,701.41
F48097,456.28
F48098,660.96
F48099,669.41
F48100,376.86
F48101,718.67
F48102,441.74
F48103,708.52
F48104,520.88
F48105,334.1
F48106,569.52
F48107,441.26
F48108,520.34
F48109,409.07
F48110,624.06
F48111,318.28
F48112,455.48
F48113,696.91
F48114,434.2
F48115,414.96
F48116,427.41
F48117,533.49
F48118,376.07
F48119,438.41
F48120,349.65
F48121,739.31
F48122,611.36
F48123,608.94
F48124,828.01
F48125,611.22
F48126,430.46
F48127,613.24
F48128,618.64
F48129,557.48
F48130,552.37
F48131,701.91
F48132,852.61
F48133,828.65
F48134,340.5
F48135,841.02
F48136,562.83
F48137,536.01
F48138,405.11
F48139,543.45
F48140,492.9
F48141,570.54
F48142,494.8
F48143,749.9
F48144,489.17
F48145,414.39
F48146,919.07
F48147,547.5
F48148,773.97
F48149,417.24
F48150,465.24
F48151,763.81
F48152,594.79
F48153,706.85
F48154,296.03
F48155,418.28
F48156,931.79
F48157,673.83
F48158,701.55
F48159,361.52
F48160,485.56
F48161,264.57
F48162,495.43
F48163,633.99
F48164,700.55
F48165,906.46
F48166,798.21
F48167,656.28
F48168,332.44
F48169,412.88
F48170,549.17
F48171,657.95
F48172,1101.71
F48173,735.0
F48174,752.62
F48175,521.58
F48176,493.48
F48177,700.95
F48178,433.01
F48179,523.08
F48180,435.14
F48181,741.66
F48182,976.01
F48183,407.6
F48184,612.14
F48185,460.18
F48186,416.03
F48187,620.09
F48188,335.96
F48189,343.8
F48190,754.2
F48191,646.7
F48192,460.88
F48193,307.06
F48194,470.67
F48195,345.79
F48196,625.87
F48197,455.18
F48198,448.96
F48199,375.1
F48200,505.25
F48201,619.12
F48202,581.41
F48203,500.2
F48204,560.54
F48205,660.27
F48206,324.06
F48207,578.21
F48208,556.3
F48209,849.24
F48210,545.65
F48211,719.87
F48212,712.79
F48213,596.7
F48214,361.35
F48215,858.01
F48216,355.01
F48217,270.33
F48218,860.03
F48219,501.44
F48220,583.66
F48221,593.95
F48222,792.38
F48223,839.17
F48224,640.64
F48225,556.7
F48226,510.42
F48227,829.64
F48228,318.25
F48229,707.19
F48230,709.45
F48231,506.27
F48232,592.63
F48233,473.3
F48234,765.79
F48235,399.27
F48236,715.15
F48237,508.57
F48238,595.09
F48239,535.49
F48240,309.42
F48241,970.33
F48242,414.83
F48243,369.21
F48244,653.6
F48245,585.09
F48246,654.94
F48247,382.91
F48248,761.55
F48249,663.94
F48250,724.64
F48251,507.58
F48252,528.17
F48253,630.02
F48254,674.08
F48255,635.55
F48256,442.85
F48257,606.89
F48258,583.34
F48259,510.69
F48260,456.11
F48261,590.02
F48262,606.23
F48263,591.8
F48264,393.87
F48265,397.94
F48266,583.05
F48267,598.51
F48268,367.17
F48269,383.78
F48270,692.82
F48271,519.05
F48272,491.87
F48273,592.3
F48274,229.08
F48275,646.65
F48276,445.58
F48277,525.9
F48278,639.47
F48279,212.85
F48280,568.94
F48281,765.86
F48282,484.99
F48283,703.74
F48284,321.74
F48285,502.52
F48286,782.77
F48287,323.7
F48288,683.25
F48289,482.41
F48290,652.22
F48291,797.0
F48292,1015.62
F48293,502.14
F48294,795.85
F48295,584.77
F48296,524.32
F48297,472.95
F48298,685.2
F48299,669.66
F48300,711.9
F48301,376.34
F48302,454.67
F48303,564.55
F48304,363.15
F48305,613.31
F48306,610.47
F48307,484.97
F48308,623.58
F48309,781.79
F48310,621.93
F48311,535.47
F48312,459.7
F48313,298.85
F48314,720.69
F48315,701.41
F48316,758.11
F48317,825.05
F48318,712.03
F48319,861.08
F48320,446.58
F48321,795.34
F48322,382.02
F48323,679.53
F48324,712.78
F48325,358.16
F48326,618.28
F48327,653.06
F48328,401.04
F48329,466.25
F48330,632.55
F48331,502.9
F48332,429.53
F48333,729.16
F48334,515.36
F48335,599.37
F48336,567.7
F48337,775.69
F48338,753.29
F48339,825.77
F48340,845.02
F48341,511.94
F48342,503.67
F48343,431.54
F48344,784.49
F48345,510.24
F48346,516.26
F48347,580.27
F48348,714.1
F48349,407.17
F48350,657.76
F48351,606.41
F48352,392.95
F48353,464.48
F48354,547.07
F48355,476.41
F48356,541.76
F48357,574.22
F48358,374.15
F48359,710.98
F48360,606.11
F48361,641.2
F48362,412.24
F48363,503.72
F48364,895.78
F48365,702.08
F48366,328.02
F48367,457.49
F48368,869.35
F48369,448.86
F48370,1077.14
F48371,769.46
F48372,812.39
F48373,685.49
F48374,762.73
F48375,337.99
F48376,529.5
F48377,617.28
F48378,825.41
F48379,423.24
F48380,626.04
F48381,421.69
F48382,714.45
F48383,399.79
F48384,724.66
F48385,525.12
F48386,609.09
F48387,530.23
F48388,775.25
F48389,429.45
F48390,771.79
F48391,732.05
F48392,686.49
F48393,608.0
F48394,693.32
F48395,646.28
F48396,485.3
F48397,604.67
F48398,379.53
F48399,695.84
F48400,618.3
F48401,695.5
F48402,518.32
F48403,449.33
F48404,513.84
F48405,564.59
F48406,536.69
F48407,409.0
F48408,544.7
F48409,657.17
F48410,517.19
F48411,472.33
F48412,763.35
F48413,517.65
F48414,737.16
F48415,601.67
F48416,845.03
F48417,571.26
F48418,412.86
F48419,467.54
F48420,552.41
F48421,560.62
F48422,443.57
F48423,646.63
F48424,315.1
F48425,733.18
F48426,532.53
F48427,363.55
F48428,655.98
F48429,638.54
F48430,680.04
F48431,550.13
F48432,729.32
F48433,670.48
F48434,650.75
F48435,571.18
F48436,816.7
F48437,704.87
F48438,469.08
F48439,509.03
F48440,472.3
F48441,503.68
F48442,799.15
F48443,421.4
F48444,598.3
F48445,840.89
F48446,781.71
F48447,600.13
F48448,418.39
F48449,565.27
F48450,488.89
F48451,507.36
F48452,416.62
F48453,610.56
F48454,613.86
F48455,713.38
F48456,334.86
F48457,528.94
F48458,734.41
F48459,411.34
F48460,834.06
F48461,496.66
F48462,359.1
F48463,343.33
F48464,443.46
F48465,435.99
F48466,698.0
F48467,630.29
F48468,368.7
F48469,692.72
F48470,695.97
F48471,465.78
F48472,463.45
F48473,616.94
F48474,634.61
F48475,656.33
F48476,838.93
F48477,602.24
F48478,706.75
F48479,575.12
F48480,410.08
F48481,339.77
F48482,485.8
F48483,674.88
F48484,392.44
F48485,364.06
F48486,750.46
F48487,679.13
F48488,514.04
F48489,570.8
F48490,456.09
F48491,739.85
F48492,1018.16
F48493,709.21
F48494,767.69
F48495,750.43
F48496,598.8
F48497,344.82
F48498,516.77
F48499,290.06
F48500,541.62
F48501,822.72
F48502,760.81
F48503,377.94
F48504,291.79
F48505,709.41
F48506,372.3
F48507,358.97
F48508,652.2
F48509,424.65
F48510,389.18
F48511,717.51
F48512,597.5
F48513,698.68
F48514,444.16
F48515,604.52
F48516,414.94
F48517,591.77
F48518,405.24
F48519,807.19
F48520,584.85
F48521,484.61
F48522,709.5
F48523,271.99
F48524,499.74
F48525,303.32
F48526,686.44
F48527,464.65
F48528,518.33
F48529,872.86
F48530,470.22
F48531,461.01
F48532,571.18
F48533,430.06
F48534,422.42
F48535,521.8
F48536,418.76
F48537,365.51
F48538,806.97
F48539,422.18
F48540,326.91
F48541,729.56
F48542,557.09
F48543,904.6
F48544,649.67
F48545,393.63
F48546,580.47
F48547,735.95
F48548,711.35
F48549,521.4
F48550,907.43
F48551,455.11
F48552,683.23
F48553,641.11
F48554,768.78
F48555,498.66
F48556,315.49
F48557,699.11
F48558,607.09
F48559,903.11
F48560,648.99
F48561,973.55
F48562,524.39
F48563,675.18
F48564,635.98
F48565,561.02
F48566,441.94
F48567,503.22
F48568,273.61
F48569,511.08
F48570,718.07
F48571,442.09
F48572,524.13
F48573,505.88
F48574,558.69
F48575,494.96
F48576,609.39
F48577,846.75
F48578,434.42
F48579,708.53
F48580,533.87
F48581,725.63
F48582,544.32
F48583,702.5
F48584,465.7
F48585,641.83
F48586,412.29
F48587,601.67
F48588,788.02
F48589,697.7
F48590,908.93
F48591,701.72
F48592,495.82
F48593,400.98
F48594,502.79
F48595,318.54
F48596,509.21
F48597,791.1
F48598,393.73
F48599,433.03
F48600,339.8
F48601,506.57
F48602,554.8
F48603,640.52
F48604,438.83
F48605,450.28
F48606,542.93
F48607,777.61
F48608,524.21
F48609,328.31
F48610,631.41
F48611,468.82
F48612,831.13
F48613,738.66
F48614,714.8
F48615,671.88
F48616,546.57
F48617,506.36
F48618,707.96
F48619,580.17
F48620,570.5
F48621,388.11
F48622,735.42
F48623,718.18
F48624,568.59
F48625,481.94
F48626,434.59
F48627,446.44
F48628,538.52
F48629,409.19
F48630,351.61
F48631,421.92
F48632,896.5
F48633,725.46
F48634,845.78
F48635,477.35
F48636,513.62
F48637,531.8
F48638,617.38
F48639,207.51
F48640,446.38
F48641,641.96
F48642,525.59
F48643,465.38
F48644,771.29
F48645,581.75
F48646,609.05
F48647,594.36
F48648,456.93
F48649,766.35
F48650,564.05
F48651,739.1
F48652,599.01
F48653,704.7
F48654,789.87
F48655,688.95
F48656,392.53
F48657,600.51
F48658,436.06
F48659,392.24
F48660,664.9
F48661,353.55
F48662,681.71
F48663,593.86
F48664,385.49
F48665,476.29
F48666,618.05
F48667,367.64
F48668,336.05
F48669,427.5
F48670,660.72
F48671,752.06
F48672,533.91
F48673,635.92
F48674,479.61
F48675,692.28
F48676,769.05
F48677,595.61
F48678,577.08
F48679,518.12
F48680,544.51
F48681,354.65
F48682,612.66
F48683,355.23
F48684,519.06
F48685,722.59
F48686,848.8
F48687,571.62
F48688,638.66
F48689,613.98
F48690,750.67
F48691,383.36
F48692,694.92
F48693,446.91
F48694,299.74
F48695,660.06
F48696,241.4
F48697,532.61
F48698,684.17
F48699,210.91
F48700,290.22
F48701,774.7
F48702,865.2
F48703,379.1
F48704,463.65
F48705,559.69
F48706,522.17
F48707,922.33
F48708,669.52
F48709,308.41
F48710,271.23
F48711,665.91
F48712,632.33
F48713,427.19
F48714,582.23
F48715,722.07
F48716,539.79
F48717,415.81
F48718,786.7
F48719,296.61
F48720,627.15
F48721,803.48
F48722,727.66
F48723,417.02
F48724,502.08
F48725,523.33
F48726,502.89
F48727,874.59
F48728,487.53
F48729,517.1
F48730,525.11
F48731,273.71
F48732,625.43
F48733,326.19
F48734,683.71
F48735,450.6
F48736,252.95
F48737,546.13
F48738,565.35
F48739,1022.04
F48740,831.7
F48741,573.47
F48742,431.16
F48743,989.36
F48744,397.25
F48745,624.15
F48746,790.44
F48747,688.25
F48748,392.98
F48749,621.97
F48750,674.06
F48751,606.75
F48752,615.82
F48753,543.38
F48754,440.65
F48755,413.74
F48756,748.68
F48757,688.82
F48758,494.58
F48759,552.06
F48760,420.3
F48761,451.39
F48762,777.18
F48763,805.89
F48764,612.22
F48765,923.62
F48766,557.71
F48767,489.41
F48768,255.49
F48769,570.1
F48770,426.83
F48771,705.11
F48772,500.84
F48773,616.07
F48774,636.08
F48775,625.16
F48776,559.34
F48777,672.86
F48778,664.58
F48779,818.64
F48780,597.37
F48781,255.46
F48782,491.23
F48783,585.33
F48784,563.96
F48785,753.71
F48786,607.43
F48787,632.17
F48788,492.85
F48789,402.97
F48790,518.28
F48791,588.07
F48792,562.36
F48793,453.88
F48794,483.72
F48795,559.17
F48796,786.95
F48797,640.69
F48798,551.61
F48799,489.55
F48800,750.04
F48801,572.23
F48802,810.64
F48803,481.8
F48804,623.31
F48805,835.66
F48806,361.96
F48807,493.89
F48808,858.93
F48809,767.71
F48810,564.45
F48811,792.73
F48812,525.99
F48813,360.22
F48814,403.84
F48815,603.91
F48816,589.18
F48817,765.58
F48818,379.83
F48819,674.14
F48820,691.06
F48821,462.79
F48822,534.21
F48823,549.78
F48824,577.8
F48825,706.28
F48826,606.63
F48827,606.77
F48828,503.38
F48829,606.38
F48830,585.32
F48831,830.39
F48832,789.33
F48833,502.57
F48834,915.23
F48835,458.95
F48836,778.41
F48837,480.35
F48838,522.57
F48839,452.72
F48840,1096.72
F48841,322.3
F48842,443.7
F48843,362.22
F48844,560.16
F48845,591.8
F48846,731.4
F48847,366.88
F48848,583.87
F48849,593.81
F48850,514.52
F48851,524.92
F48852,864.54
F48853,546.53
F48854,303.95
F48855,556.57
F48856,419.5
F48857,428.13
F48858,633.63
F48859,490.84
F48860,593.94
F48861,714.41
F48862,576.1
F48863,579.74
F48864,696.97
F48865,474.55
F48866,714.01
F48867,789.44
F48868,718.8
F48869,714.87
F48870,577.68
F48871,689.69
F48872,666.85
F48873,340.06
F48874,455.81
F48875,577.01
F48876,271.95
F48877,967.36
F48878,397.86
F48879,379.45
F48880,417.25
F48881,868.76
F48882,625.09
F48883,264.98
F48884,710.94
F48885,815.76
F48886,846.78
F48887,704.86
F48888,768.94
F48889,415.66
F48890,870.19
F48891,552.65
F48892,596.3
F48893,685.36
F48894,330.9
F48895,735.04
F48896,479.6
F48897,566.61
F48898,827.02
F48899,704.15
F48900,518.88
F48901,686.64
F48902,626.8
F48903,415.44
F48904,456.8
F48905,406.31
F48906,237.24
F48907,469.22
F48908,447.52
F48909,658.33
F48910,488.93
F48911,686.2
F48912,732.56
F48913,426.37
F48914,659.11
F48915,593.34
F48916,412.0
F48917,560.45
F48918,417.92
F48919,395.3
F48920,754.56
F48921,801.91
F48922,636.24
F48923,420.16
F48924,360.13
F48925,296.3
F48926,615.39
F48927,644.59
F48928,507.68
F48929,472.24
F48930,562.29
F48931,565.48
F48932,570.66
F48933,739.18
F48934,560.92
F48935,850.6
F48936,578.78
F48937,739.47
F48938,864.27
F48939,573.86
F48940,573.26
F48941,692.98
F48942,329.65
F48943,758.35
F48944,443.38
F48945,639.56
F48946,428.51
F48947,365.13
F48948,390.51
F48949,643.18
F48950,590.66
F48951,414.85
F48952,629.81
F48953,724.33
F48954,418.42
F48955,683.0
F48956,375.14
F48957,352.13
F48958,334.16
F48959,704.1
F48960,266.78
F48961,375.04
F48962,495.55
F48963,482.25
F48964,937.84
F48965,972.49
F48966,582.22
F48967,910.52
F48968,706.72
F48969,565.17
F48970,281.16
F48971,470.13
F48972,383.74
F48973,494.09
F48974,667.22
F48975,249.64
F48976,431.61
F48977,390.54
F48978,597.22
F48979,495.87
F48980,434.21
F48981,447.01
F48982,398.45
F48983,583.42
F48984,418.18
F48985,699.62
F48986,469.04
F48987,597.82
F48988,422.52
F48989,513.59
F48990,626.61
F48991,804.84
F48992,639.35
F48993,745.47
F48994,548.25
F48995,378.97
F48996,339.15
F48997,323.03
F48998,640.18
F48999,529.35
F49000,722.9
F49001,490.18
F49002,582.63
F49003,797.27
F49004,459.37
F49005,457.93
F49006,440.75
F49007,379.24
F49008,518.8
F49009,993.69
F49010,601.61
F49011,827.4
F49012,691.43
F49013,405.52
F49014,468.7
F49015,550.34
F49016,424.66
F49017,527.91
F49018,912.37
F49019,658.78
F49020,567.78
F49021,617.09
F49022,695.42
F49023,538.0
F49024,666.94
F49025,902.05
F49026,478.47
F49027,817.93
F49028,518.1
F49029,692.3
F49030,494.34
F49031,536.48
F49032,598.53
F49033,367.79
F49034,367.92
F49035,728.86
F49036,520.93
F49037,435.45
F49038,693.87
F49039,476.9
F49040,535.61
F49041,492.0
F49042,774.9
F49043,529.51
F49044,646.15
F49045,626.44
F49046,552.94
F49047,813.21
F49048,390.97
F49049,390.82
F49050,445.93
F49051,446.71
F49052,285.3
F49053,539.6
F49054,678.31
F49055,561.68
F49056,503.18
F49057,463.92
F49058,628.29
F49059,427.98
F49060,720.66
F49061,655.89
F49062,855.15
F49063,653.09
F49064,643.4
F49065,816.39
F49066,635.38
F49067,520.86
F49068,525.45
F49069,596.73
F49070,575.41
F49071,547.41
F49072,481.48
F49073,425.09
F49074,560.32
F49075,658.81
F49076,664.17
F49077,618.43
F49078,606.24
F49079,529.05
F49080,647.12
F49081,787.89
F49082,607.14
F49083,413.4
F49084,435.12
F49085,752.78
F49086,849.01
F49087,580.4
F49088,738.33
F49089,404.91
F49090,854.28
F49091,825.08
F49092,514.49
F49093,699.5
F49094,665.22
F49095,336.61
F49096,826.41
F49097,492.27
F49098,593.45
F49099,501.57
F49100,405.01
F49101,474.31
F49102,643.12
F49103,641.92
F49104,433.69
F49105,381.35
F49106,561.42
F49107,412.1
F49108,748.08
F49109,583.73
F49110,583.69
F49111,651.74
F49112,539.11
F49113,548.5
F49114,459.68
F49115,595.05
F49116,606.97
F49117,574.53
F49118,489.05
F49119,324.63
F49120,441.24
F49121,440.09
F49122,693.59
F49123,602.02
F49124,375.75
F49125,406.93
F49126,550.89
F49127,794.19
F49128,913.34
F49129,515.9
F49130,505.77
F49131,653.34
F49132,487.23
F49133,910.13
F49134,609.81
F49135,628.53
F49136,467.61
F49137,481.1
F49138,909.11
F49139,594.27
F49140,279.99
F49141,607.15
F49142,557.27
F49143,626.1
F49144,486.45
F49145,685.72
F49146,671.32
F49147,543.11
F49148,624.27
F49149,673.97
F49150,358.46
F49151,874.26
F49152,635.34
F49153,468.8
F49154,495.87
F49155,458.71
F49156,359.47
F49157,439.77
F49158,587.46
F49159,577.59
F49160,267.45
F49161,897.09
F49162,307.1
F49163,371.56
F49164,549.33
F49165,839.78
F49166,644.09
F49167,617.9
F49168,616.79
F49169,537.94
F49170,333.0
F49171,424.08
F49172,586.8
F49173,528.68
F49174,413.96
F49175,613.19
F49176,642.68
F49177,431.64
F49178,593.5
F49179,521.67
F49180,587.56
F49181,703.4
F49182,597.59
F49183,686.97
F49184,475.69
F49185,358.18
F49186,376.53
F49187,866.41
F49188,856.39
F49189,622.76
F49190,649.77
F49191,596.23
F49192,1112.95
F49193,391.77
F49194,456.47
F49195,662.92
F49196,636.33
F49197,327.89
F49198,788.6
F49199,379.82
F49200,377.03
F49201,404.16
F49202,464.83
F49203,393.04
F49204,776.16
F49205,720.28
F49206,1051.98
F49207,542.71
F49208,854.47
F49209,705.44
F49210,402.36
F49211,575.66
F49212,708.37
F49213,602.13
F49214,745.57
F49215,356.62
F49216,484.27
F49217,557.98
F49218,513.84
F49219,747.73
F49220,532.39
F49221,460.47
F49222,745.48
F49223,706.34
F49224,689.85
F49225,321.84
F49226,646.83
F49227,841.66
F49228,436.49
F49229,696.13
F49230,766.37
F49231,482.6
F49232,227.68
F49233,681.79
F49234,596.86
F49235,552.7
F49236,637.25
F49237,572.4
F49238,467.81
F49239,367.18
F49240,544.12
F49241,544.2
F49242,567.29
F49243,251.6
F49244,906.02
F49245,415.85
F49246,536.4
F49247,855.27
F49248,528.74
F49249,587.11
F49250,377.23
F49251,446.44
F49252,614.06
F49253,412.75
F49254,532.55
F49255,556.2
F49256,331.54
F49257,303.76
F49258,585.71
F49259,474.87
F49260,676.05
F49261,464.26
F49262,453.82
F49263,665.69
F49264,771.42
F49265,795.18
F49266,733.89
F49267,304.71
F49268,456.34
F49269,280.46
F49270,1067.53
F49271,600.85
F49272,843.92
F49273,685.84
F49274,388.71
F49275,590.31
F49276,341.2
F49277,921.76
F49278,254.92
F49279,470.6
F49280,594.28
F49281,672.51
F49282,631.06
F49283,506.16
F49284,583.1
F49285,314.19
F49286,380.79
F49287,486.89
F49288,580.32
F49289,411.46
F49290,756.91
F49291,443.38
F49292,481.72
F49293,678.74
F49294,539.17
F49295,319.75
F49296,349.45
F49297,659.58
F49298,660.9
F49299,400.1
F49300,537.45
F49301,607.75
F49302,411.84
F49303,707.91
F49304,557.79
F49305,311.53
F49306,878.72
F49307,533.15
F49308,803.15
F49309,429.61
F49310,340.81
F49311,658.89
F49312,449.81
F49313,750.77
F49314,632.1
F49315,532.19
F49316,510.24
F49317,542.35
F49318,268.47
F49319,922.15
F49320,616.4
F49321,506.74
F49322,742.47
F49323,350.06
F49324,750.34
F49325,621.14
F49326,455.84
F49327,783.5
F49328,523.48
F49329,497.09
F49330,776.2
F49331,610.48
F49332,468.85
F49333,335.01
F49334,436.02
F49335,908.63
F49336,414.46
F49337,342.94
F49338,951.09
F49339,702.48
F49340,730.98
F49341,723.55
F49342,417.62
F49343,700.1
F49344,498.97
F49345,240.54
F49346,397.97
F49347,454.83
F49348,470.21
F49349,741.72
F49350,417.83
F49351,364.23
F49352,287.92
F49353,728.7
F49354,790.06
F49355,587.46
F49356,843.52
F49357,489.23
F49358,474.23
F49359,767.12
F49360,548.77
F49361,514.43
F49362,388.52
F49363,660.93
F49364,350.93
F49365,719.31
F49366,591.17
F49367,445.88
F49368,619.56
F49369,555.58
F49370,289.0
F49371,406.64
F49372,707.38
F49373,404.79
F49374,527.75
F49375,462.32
F49376,574.85
F49377,924.71
F49378,637.03
F49379,450.99
F49380,512.71
F49381,546.68
F49382,960.56
F49383,600.91
F49384,403.01
F49385,372.47
F49386,729.85
F49387,528.81
F49388,854.08
F49389,840.94
F49390,485.32
F49391,385.94
F49392,925.45
F49393,527.81
F49394,460.97
F49395,667.39
F49396,675.4
F49397,688.12
F49398,434.73
F49399,548.19
F49400,447.12
F49401,567.25
F49402,388.35
F49403,411.39
F49404,630.78
F49405,516.3
F49406,766.71
F49407,540.03
F49408,592.14
F49409,586.79
F49410,452.12
F49411,344.6
F49412,361.8
F49413,447.15
F49414,384.3
F49415,407.32
F49416,394.14
F49417,318.27
F49418,457.16
F49419,504.37
F49420,829.76
F49421,654.46
F49422,343.31
F49423,625.97
F49424,458.94
F49425,519.12
F49426,486.81
F49427,559.49
F49428,357.3
F49429,531.63
F49430,562.25
F49431,570.88
F49432,359.45
F49433,491.65
F49434,751.71
F49435,489.29
F49436,332.98
F49437,545.56
F49438,567.58
F49439,521.32
F49440,427.65
F49441,443.26
F49442,766.69
F49443,670.11
F49444,643.29
F49445,771.18
F49446,618.11
F49447,602.55
F49448,541.17
F49449,401.29
F49450,528.9
F49451,655.55
F49452,664.69
F49453,706.38
F49454,725.29
F49455,666.1
F49456,611.83
F49457,631.52
F49458,657.83
F49459,476.58
F49460,570.01
F49461,1107.68
F49462,700.95
F49463,429.27
F49464,985.17
F49465,274.94
F49466,552.76
F49467,559.0
F49468,526.01
F49469,804.52
F49470,409.17
F49471,665.35
F49472,708.74
F49473,617.17
F49474,724.18
F49475,491.82
F49476,455.91
F49477,616.4
F49478,313.43
F49479,535.24
F49480,312.85
F49481,493.19
F49482,524.52
F49483,378.64
F49484,340.43
F49485,585.97
F49486,334.17
F49487,433.86
F49488,613.3
F49489,404.87
F49490,438.14
F49491,481.91
F49492,688.69
F49493,773.15
F49494,595.12
F49495,527.81
F49496,439.68
F49497,450.76
F49498,484.31
F49499,405.23
F49500,451.13
F49501,813.49
F49502,582.55
F49503,501.84
F49504,332.39
F49505,674.62
F49506,515.61
F49507,472.96
F49508,543.51
F49509,264.29
F49510,431.04
F49511,474.57
F49512,557.97
F49513,819.39
F49514,542.2
F49515,330.72
F49516,574.09
F49517,517.6
F49518,582.15
F49519,352.5
F49520,940.26
F49521,836.86
F49522,707.25
F49523,598.78
F49524,473.78
F49525,693.31
F49526,504.49
F49527,640.63
F49528,588.4
F49529,718.8
F49530,369.01
F49531,563.79
F49532,705.29
F49533,580.3
F49534,848.63
F49535,1126.78
F49536,672.69
F49537,546.66
F49538,597.8
F49539,544.65
F49540,740.02
F49541,393.55
F49542,630.96
F49543,335.73
F49544,731.77
F49545,543.55
F49546,543.23
F49547,501.11
F49548,1071.64
F49549,504.74
F49550,380.22
F49551,516.69
F49552,393.75
F49553,320.09
F49554,325.29
F49555,601.82
F49556,670.85
F49557,587.94
F49558,657.3
F49559,467.47
F49560,596.98
F49561,503.78
F49562,666.06
F49563,415.7
F49564,389.66
F49565,658.6
F49566,622.03
F49567,389.26
F49568,514.5
F49569,350.41
F49570,914.72
F49571,324.1
F49572,548.34
F49573,748.5
F49574,690.05
F49575,673.21
F49576,519.34
F49577,901.35
F49578,609.11
F49579,607.32
F49580,707.89
F49581,378.24
F49582,594.12
F49583,643.81
F49584,450.67
F49585,461.03
F49586,413.82
F49587,247.21
F49588,287.73
F49589,688.82
F49590,542.52
F49591,665.11
F49592,645.52
F49593,353.53
F49594,578.42
F49595,330.3
F49596,600.13
F49597,796.9
F49598,531.23
F49599,627.5
F49600,641.91
F49601,375.28
F49602,312.58
F49603,754.69
F49604,474.44
F49605,676.07
F49606,408.54
F49607,506.11
F49608,372.49
F49609,453.65
F49610,578.51
F49611,366.16
F49612,399.66
F49613,548.95
F49614,590.41
F49615,662.48
F49616,329.45
F49617,715.79
F49618,269.83
F49619,537.68
F49620,670.74
F49621,450.06
F49622,617.8
F49623,887.59
F49624,747.38
F49625,552.99
F49626,679.47
F49627,836.07
F49628,360.74
F49629,440.83
F49630,276.92
F49631,484.36
F49632,378.86
F49633,736.63
F49634,654.29
F49635,724.45
F49636,325.54
F49637,473.19
F49638,932.63
F49639,655.53
F49640,698.29
F49641,441.79
F49642,472.76
F49643,733.55
F49644,395.6
F49645,420.66
F49646,932.02
F49647,724.26
F49648,781.82
F49649,754.16
F49650,511.11
F49651,1156.8
F49652,591.81
F49653,596.31
F49654,606.14
F49655,586.68
F49656,740.98
F49657,621.24
F49658,669.82
F49659,692.86
F49660,281.55
F49661,478.03
F49662,566.33
F49663,468.55
F49664,749.45
F49665,774.81
F49666,581.93
F49667,579.5
F49668,369.98
F49669,680.35
F49670,543.14
F49671,523.91
F49672,662.8
F49673,552.89
F49674,571.0
F49675,726.17
F49676,472.65
F49677,404.59
F49678,423.02
F49679,542.87
F49680,278.49
F49681,656.73
F49682,301.94
F49683,748.54
F49684,572.24
F49685,679.1
F49686,430.88
F49687,689.62
F49688,260.12
F49689,729.62
F49690,714.94
F49691,722.49
F49692,496.92
F49693,690.43
F49694,853.51
F49695,342.3
F49696,814.81
F49697,507.56
F49698,535.72
F49699,420.05
F49700,429.5
F49701,401.56
F49702,621.1
F49703,457.03
F49704,401.53
F49705,431.86
F49706,652.5
F49707,606.29
F49708,313.67
F49709,531.36
F49710,503.03
F49711,683.04
F49712,595.15
F49713,594.65
F49714,858.0
F49715,441.8
F49716,520.36
F49717,825.53
F49718,615.49
F49719,624.39
F49720,500.0
F49721,483.74
F49722,577.84
F49723,713.02
F49724,614.32
F49725,654.01
F49726,486.25
F49727,670.64
F49728,472.42
F49729,751.74
F49730,640.42
F49731,444.12
F49732,511.41
F49733,650.16
F49734,434.67
F49735,705.57
F49736,466.96
F49737,562.29
F49738,548.84
F49739,706.91
F49740,691.55
F49741,582.37
F49742,731.8
F49743,420.81
F49744,760.62
F49745,686.65
F49746,638.3
F49747,418.68
F49748,569.25
F49749,551.24
F49750,426.35
F49751,377.89
F49752,658.91
F49753,687.43
F49754,462.56
F49755,545.84
F49756,701.98
F49757,701.77
F49758,537.72
F49759,426.46
F49760,491.83
F49761,426.43
F49762,457.78
F49763,309.36
F49764,696.21
F49765,412.46
F49766,694.56
F49767,272.65
F49768,502.6
F49769,860.34
F49770,665.67
F49771,559.57
F49772,606.13
F49773,695.51
F49774,560.99
F49775,691.15
F49776,669.47
F49777,482.0
F49778,901.46
F49779,505.63
F49780,335.7
F49781,675.79
F49782,485.26
F49783,420.96
F49784,758.19
F49785,436.34
F49786,788.6
F49787,354.91
F49788,527.83
F49789,808.52
F49790,464.6
F49791,433.13
F49792,691.02
F49793,394.19
F49794,526.62
F49795,451.6
F49796,549.14
F49797,365.78
F49798,587.58
F49799,603.07
F49800,490.84
F49801,587.43
F49802,451.61
F49803,648.97
F49804,696.68
F49805,723.67
F49806,460.22
F49807,724.99
F49808,627.48
F49809,593.11
F49810,501.52
F49811,466.1
F49812,650.88
F49813,518.47
F49814,843.15
F49815,759.9
F49816,529.15
F49817,618.18
F49818,522.57
F49819,824.95
F49820,556.92
F49821,381.84
F49822,725.5
F49823,689.12
F49824,279.75
F49825,369.31
F49826,518.15
F49827,645.12
F49828,400.88
F49829,353.69
F49830,792.52
F49831,366.13
F49832,699.18
F49833,640.48
F49834,318.66
F49835,674.53
F49836,530.21
F49837,622.07
F49838,711.16
F49839,577.51
F49840,472.88
F49841,536.26
F49842,773.61
F49843,514.68
F49844,640.2
F49845,539.17
F49846,521.16
F49847,290.47
F49848,451.03
F49849,550.29
F49850,682.37
F49851,621.49
F49852,485.13
F49853,504.11
F49854,864.88
F49855,377.49
F49856,912.83
F49857,644.32
F49858,511.82
F49859,488.19
F49860,516.87
F49861,694.59
F49862,534.14
F49863,806.16
F49864,984.4
F49865,404.2
F49866,674.04
F49867,938.79
F49868,532.59
F49869,488.51
F49870,501.4
F49871,597.09
F49872,596.08
F49873,406.19
F49874,724.87
F49875,799.36
F49876,918.0
F49877,476.36
F49878,709.26
F49879,504.58
F49880,473.13
F49881,417.37
F49882,634.11
F49883,610.65
F49884,426.26
F49885,366.28
F49886,753.42
F49887,814.32
F49888,571.13
F49889,742.03
F49890,592.54
F49891,330.12
F49892,808.35
F49893,328.07
F49894,553.25
F49895,484.0
F49896,475.47
F49897,792.62
F49898,734.06
F49899,295.5
F49900,537.91
F49901,682.1
F49902,360.68
F49903,545.58
F49904,1040.49
F49905,662.87
F49906,344.73
F49907,602.49
F49908,740.6
F49909,480.99
F49910,609.0
F49911,564.15
F49912,596.45
F49913,546.22
F49914,739.55
F49915,547.36
F49916,470.28
F49917,807.66
F49918,586.45
F49919,380.52
F49920,490.73
F49921,501.56
F49922,636.55
F49923,543.22
F49924,634.05
F49925,1054.26
F49926,641.26
F49927,727.3
F49928,427.53
F49929,739.34
F49930,893.41
F49931,408.36
F49932,391.92
F49933,565.65
F49934,629.77
F49935,420.1
F49936,442.96
F49937,590.33
F49938,607.32
F49939,411.62
F49940,571.16
F49941,254.05
F49942,646.63
F49943,521.72
F49944,470.48
F49945,689.89
F49946,417.19
F49947,561.15
F49948,284.17
F49949,661.21
F49950,667.21
F49951,626.1
F49952,604.52
F49953,738.96
F49954,552.86
F49955,524.43
F49956,600.57
F49957,538.38
F49958,748.64
F49959,718.19
F49960,660.57
F49961,473.62
F49962,363.14
F49963,482.12
F49964,362.43
F49965,694.83
F49966,961.53
F49967,393.23
F49968,759.63
F49969,588.57
F49970,968.91
F49971,1042.86
F49972,475.58
F49973,554.09
F49974,565.42
F49975,385.46
F49976,417.81
F49977,433.01
F49978,696.18
F49979,648.57
F49980,466.26
F49981,731.52
F49982,814.71
F49983,672.93
F49984,299.48
F49985,666.01
F49986,663.15
F49987,515.36
F49988,736.01
F49989,732.69
F49990,596.08
F49991,472.43
F49992,481.89
F49993,557.21
F49994,494.8
F49995,543.79
F49996,783.68
F49997,543.54
F49998,328.32
F49999,724.9
F50000,512.44
